{"title":"Friday Afternoon Run","description":"Running 2.01 mi in 20:53 min (10:23 min/mi)","source":"Nike+","startTime":{"time":"2021-04-02T18:48:35Z"},"distance":3236.084934840092,"duration":1253.344,"elapsedTime":0,"avgSpeed":2.581960686643166,"maxSpeed":3.997747606357115,"calories":243,"avgHeartrate":145,"maxHeartrate":153,"avgCadence":87,"maxCadence":1935,"steps":3629,"elevationGain":0,"elevationLoss":0,"minElevation":0,"maxElevation":0,"lapLength":0,"activityType":{"internalId":100,"internalName":"Running","sourceName":"run"},"sourceId":"nk_fa3003f9-18cc-462a-8919-b7790e3aacd0","laps":[{"startTime":"2021-04-02T18:48:35Z","distance":1609,"duration":616.462636590004,"elapsedTime":620.0026365739848,"avgSpeed":2.610052750155742,"maxSpeed":2.772776147962105,"avgCadence":94,"maxCadence":1935,"avgheartrate":141,"maxHeartrate":152},{"startTime":"2021-04-02T18:58:55Z","distance":1609,"duration":628.8138338327408,"elapsedTime":628.8138338585661,"avgSpeed":2.558785944947866,"maxSpeed":3.997747606357115,"avgCadence":87,"maxCadence":152,"avgheartrate":148,"maxHeartrate":153},{"startTime":"2021-04-02T19:09:23Z","distance":18.08493484009523,"duration":4.527529358863831,"elapsedTime":7.183529376983643,"avgSpeed":3.994437894629928,"maxSpeed":2.624294077080632,"avgCadence":82,"maxCadence":82,"avgheartrate":150,"maxHeartrate":150}],"exports":[],"services":{"autoshare":{"days":0,"noprompt":false},"services":[{"name":"health","autoshare":{"target":false,"targettypes":[],"source":false},"import":true},{"name":"dropbox","autoshare":{"target":false,"targettypes":[],"source":false},"import":true},{"name":"files","autoshare":{"target":false,"targettypes":[],"source":false},"import":true},{"name":"icloud","autoshare":{"target":false,"targettypes":[],"source":false},"import":true},{"name":"nike+","autoshare":{"target":false,"targettypes":[],"source":false},"import":true}]},"appversion":"2.77 (645)","swag":"none"}