{"title":"Friday Afternoon Run","description":"Running 1.76 mi in 20:36 min (11:43 min/mi)","source":"Nike+","startTime":{"time":"2021-04-09T17:16:28Z"},"distance":2831.530663167819,"duration":1236.495,"elapsedTime":0,"avgSpeed":2.289965315806226,"maxSpeed":2.467279346521906,"calories":213,"avgHeartrate":152,"maxHeartrate":163,"avgCadence":85,"maxCadence":105,"steps":3503,"elevationGain":0,"elevationLoss":0,"minElevation":0,"maxElevation":0,"lapLength":0,"activityType":{"internalId":100,"internalName":"Running","sourceName":"run"},"sourceId":"nk_afc2c276-9bdc-49c7-b257-2c71b3f1f9fb","laps":[{"startTime":"2021-04-09T17:16:28Z","distance":1609,"duration":697.3514801231838,"elapsedTime":697.3514801231838,"avgSpeed":2.307301333490793,"maxSpeed":2.467279346521906,"avgCadence":85,"maxCadence":93,"avgheartrate":147,"maxHeartrate":157},{"startTime":"2021-04-09T17:28:05Z","distance":1222.530663167825,"duration":537.6485199928284,"elapsedTime":537.6485199928284,"avgSpeed":2.273847351396284,"maxSpeed":2.389322615393852,"avgCadence":86,"maxCadence":105,"avgheartrate":157,"maxHeartrate":163}],"exports":[],"services":{"autoshare":{"days":0,"noprompt":false},"services":[{"name":"health","autoshare":{"target":false,"targettypes":[],"source":false},"import":true},{"name":"dropbox","autoshare":{"target":false,"targettypes":[],"source":false},"import":true},{"name":"files","autoshare":{"target":false,"targettypes":[],"source":false},"import":true},{"name":"icloud","autoshare":{"target":false,"targettypes":[],"source":false},"import":true},{"name":"nike+","autoshare":{"target":false,"targettypes":[],"source":false},"import":true}]},"appversion":"2.77 (645)","swag":"none"}