{"title":"untitled","description":"Running 1.76 mi in 20:13 min (11:27 min/mi)","source":"Nike+","startTime":{"time":"2021-05-06T20:54:41Z"},"distance":2839.477033577039,"duration":1212.915,"elapsedTime":0,"avgSpeed":2.34103546709954,"maxSpeed":2.473991511435467,"calories":213,"avgHeartrate":144,"maxHeartrate":155,"avgCadence":85,"maxCadence":140,"steps":3432,"elevationGain":0,"elevationLoss":0,"minElevation":0,"maxElevation":0,"lapLength":0,"activityType":{"internalId":100,"internalName":"Running","sourceName":"run"},"sourceId":"nk_78163270-1c4c-4c55-aab9-d36165982604","laps":[{"startTime":"2021-05-06T20:54:41Z","distance":1609,"duration":671.8089119195938,"elapsedTime":671.8089119598023,"avgSpeed":2.395026281212201,"maxSpeed":2.473991511435466,"avgCadence":85,"maxCadence":117,"avgheartrate":141,"maxHeartrate":155},{"startTime":"2021-05-06T21:05:52Z","distance":1230.477033577044,"duration":541.1060879230499,"elapsedTime":544.1910879611969,"avgSpeed":2.274003307373672,"maxSpeed":2.4524371874568,"avgCadence":85,"maxCadence":140,"avgheartrate":148,"maxHeartrate":153}],"exports":[],"services":{"autoshare":{"days":0,"noprompt":false},"services":[{"name":"health","autoshare":{"target":false,"targettypes":[],"source":false},"import":true},{"name":"dropbox","autoshare":{"target":false,"targettypes":[],"source":false},"import":true},{"name":"files","autoshare":{"target":false,"targettypes":[],"source":false},"import":true},{"name":"icloud","autoshare":{"target":false,"targettypes":[],"source":false},"import":true},{"name":"nike+","autoshare":{"target":false,"targettypes":[],"source":false},"import":true}]},"appversion":"2.77 (645)","swag":"none"}