{"title":"untitled","description":"Running 0.85 mi in 9:49 min (11:37 min/mi)","source":"Nike+","startTime":{"time":"2021-07-16T11:34:15Z"},"distance":1360.550127905095,"duration":589.3390000000001,"elapsedTime":0,"avgSpeed":2.308603584533002,"maxSpeed":2.504875437918144,"calories":102,"avgHeartrate":150,"maxHeartrate":158,"avgCadence":86,"maxCadence":93,"steps":1687,"elevationGain":0,"elevationLoss":0,"minElevation":0,"maxElevation":0,"lapLength":0,"activityType":{"internalId":100,"internalName":"Running","sourceName":"run"},"sourceId":"nk_596a700b-a32f-464c-9dd5-c0cb5e204070","laps":[{"startTime":"2021-07-16T11:34:15Z","distance":1360.550127905095,"duration":589,"elapsedTime":589,"avgSpeed":2.309932305441587,"maxSpeed":2.504875437918143,"avgCadence":85,"maxCadence":93,"avgheartrate":150,"maxHeartrate":158}],"exports":[],"services":{"autoshare":{"days":0,"noprompt":false},"services":[{"name":"health","autoshare":{"target":false,"targettypes":[],"source":false},"import":true},{"name":"dropbox","autoshare":{"target":false,"targettypes":[],"source":false},"import":true},{"name":"files","autoshare":{"target":false,"targettypes":[],"source":false},"import":true},{"name":"icloud","autoshare":{"target":false,"targettypes":[],"source":false},"import":true},{"name":"nike+","autoshare":{"target":false,"targettypes":[],"source":false},"import":true}]},"appversion":"2.77 (645)","swag":"none"}