{"title":"Wednesday Afternoon Run","description":"Running 1.53 mi in 17:34 min (11:28 min/mi)","source":"Nike+","startTime":{"time":"2021-07-21T17:41:51Z"},"distance":2464.040258722846,"duration":1053.876,"elapsedTime":0,"avgSpeed":2.338074174497613,"maxSpeed":2.852862505358124,"calories":216,"avgHeartrate":153,"maxHeartrate":158,"avgCadence":86,"maxCadence":152,"steps":3030,"elevationGain":0,"elevationLoss":0,"minElevation":0,"maxElevation":0,"lapLength":0,"activityType":{"internalId":100,"internalName":"Running","sourceName":"run"},"sourceId":"nk_cabebefd-03b1-4c2e-a093-a12c8acd887f","laps":[{"startTime":"2021-07-21T17:41:51Z","distance":1609,"duration":669.2642804143816,"elapsedTime":669.2642804143816,"avgSpeed":2.404132488594449,"maxSpeed":2.782567302897736,"avgCadence":87,"maxCadence":152,"avgheartrate":153,"maxHeartrate":158},{"startTime":"2021-07-21T17:53:00Z","distance":855.0402587228455,"duration":379.7357196807861,"elapsedTime":379.7357196807861,"avgSpeed":2.251671924467918,"maxSpeed":2.852862505358124,"avgCadence":85,"maxCadence":105,"avgheartrate":155,"maxHeartrate":158}],"exports":[],"services":{"autoshare":{"days":0,"noprompt":false},"services":[{"name":"health","autoshare":{"target":false,"targettypes":[],"source":false},"import":true},{"name":"dropbox","autoshare":{"target":false,"targettypes":[],"source":false},"import":true},{"name":"files","autoshare":{"target":false,"targettypes":[],"source":false},"import":true},{"name":"icloud","autoshare":{"target":false,"targettypes":[],"source":false},"import":true},{"name":"nike+","autoshare":{"target":false,"targettypes":[],"source":false},"import":true}]},"appversion":"2.77 (645)","swag":"none"}