{"title":"untitled","description":"Running 0.89 mi in 9:22 min (10:32 min/mi)","source":"Nike+","startTime":{"time":"2021-05-11T20:43:56Z"},"distance":1429.826808843878,"duration":561.634,"elapsedTime":0,"avgSpeed":2.545833779372114,"maxSpeed":2.720545624949615,"calories":107,"avgHeartrate":148,"maxHeartrate":163,"avgCadence":86,"maxCadence":105,"steps":1608,"elevationGain":0,"elevationLoss":0,"minElevation":0,"maxElevation":0,"lapLength":0,"activityType":{"internalId":100,"internalName":"Running","sourceName":"run"},"sourceId":"nk_3c6ec96c-26cf-4fcc-8a7f-49883903e995","laps":[{"startTime":"2021-05-11T20:43:56Z","distance":1429.826808843878,"duration":561,"elapsedTime":561,"avgSpeed":2.548710889204774,"maxSpeed":2.720545624949615,"avgCadence":86,"maxCadence":105,"avgheartrate":148,"maxHeartrate":163}],"exports":[],"services":{"autoshare":{"days":0,"noprompt":false},"services":[{"name":"health","autoshare":{"target":false,"targettypes":[],"source":false},"import":true},{"name":"dropbox","autoshare":{"target":false,"targettypes":[],"source":false},"import":true},{"name":"files","autoshare":{"target":false,"targettypes":[],"source":false},"import":true},{"name":"icloud","autoshare":{"target":false,"targettypes":[],"source":false},"import":true},{"name":"nike+","autoshare":{"target":false,"targettypes":[],"source":false},"import":true}]},"appversion":"2.77 (645)","swag":"none"}