{"title":"Tuesday Afternoon Run","description":"Running 1.84 mi in 19:55 min (10:49 min/mi)","source":"Nike+","startTime":{"time":"2021-04-20T17:42:42Z"},"distance":2961.934669004983,"duration":1194.855,"elapsedTime":0,"avgSpeed":2.478907205480986,"maxSpeed":3.166771150807605,"calories":222,"avgHeartrate":157,"maxHeartrate":178,"avgCadence":86,"maxCadence":111,"steps":3419,"elevationGain":0,"elevationLoss":0,"minElevation":0,"maxElevation":0,"lapLength":0,"activityType":{"internalId":100,"internalName":"Running","sourceName":"run"},"sourceId":"nk_1e5f16ca-790f-41f9-80ac-81ac3a31f29c","laps":[{"startTime":"2021-04-20T17:42:42Z","distance":1609,"duration":644.0736088261641,"elapsedTime":644.0736088261641,"avgSpeed":2.498161666540618,"maxSpeed":2.649433567523124,"avgCadence":86,"maxCadence":111,"avgheartrate":164,"maxHeartrate":178},{"startTime":"2021-04-20T17:53:26Z","distance":1352.934669004986,"duration":550.7813911437988,"elapsedTime":551.9263911247253,"avgSpeed":2.456391393680474,"maxSpeed":3.166771150807605,"avgCadence":86,"maxCadence":105,"avgheartrate":152,"maxHeartrate":156}],"exports":[],"services":{"autoshare":{"days":0,"noprompt":false},"services":[{"name":"health","autoshare":{"target":false,"targettypes":[],"source":false},"import":true},{"name":"dropbox","autoshare":{"target":false,"targettypes":[],"source":false},"import":true},{"name":"files","autoshare":{"target":false,"targettypes":[],"source":false},"import":true},{"name":"icloud","autoshare":{"target":false,"targettypes":[],"source":false},"import":true},{"name":"nike+","autoshare":{"target":false,"targettypes":[],"source":false},"import":true}]},"appversion":"2.77 (645)","swag":"none"}