{"title":"Tuesday Afternoon Run","description":"Running 1.91 mi in 20:50 min (10:55 min/mi)","source":"Nike+","startTime":{"time":"2021-04-13T17:31:45Z"},"distance":3067.99721251533,"duration":1249.849,"elapsedTime":0,"avgSpeed":2.454694297083352,"maxSpeed":2.641482411730403,"calories":229,"avgHeartrate":151,"maxHeartrate":173,"avgCadence":86,"maxCadence":128,"steps":3594,"elevationGain":0,"elevationLoss":0,"minElevation":0,"maxElevation":0,"lapLength":0,"activityType":{"internalId":100,"internalName":"Running","sourceName":"run"},"sourceId":"nk_177af543-863c-40f6-9c53-a9a5d9b5e71d","laps":[{"startTime":"2021-04-13T17:31:45Z","distance":1609,"duration":657.3239930304405,"elapsedTime":657.3239930304405,"avgSpeed":2.447803544462263,"maxSpeed":2.544421933651804,"avgCadence":86,"maxCadence":128,"avgheartrate":148,"maxHeartrate":173},{"startTime":"2021-04-13T17:42:42Z","distance":1458.997212515329,"duration":592.5250070095062,"elapsedTime":592.6760070323944,"avgSpeed":2.462338627493441,"maxSpeed":2.641482411730403,"avgCadence":87,"maxCadence":105,"avgheartrate":154,"maxHeartrate":158}],"exports":[],"services":{"autoshare":{"days":0,"noprompt":false},"services":[{"name":"health","autoshare":{"target":false,"targettypes":[],"source":false},"import":true},{"name":"dropbox","autoshare":{"target":false,"targettypes":[],"source":false},"import":true},{"name":"files","autoshare":{"target":false,"targettypes":[],"source":false},"import":true},{"name":"icloud","autoshare":{"target":false,"targettypes":[],"source":false},"import":true},{"name":"nike+","autoshare":{"target":false,"targettypes":[],"source":false},"import":true}]},"appversion":"2.77 (645)","swag":"none"}