{"title":"Friday Afternoon Run","description":"Running 2.46 mi in 26:01 min (10:35 min/mi)","source":"Nike+","startTime":{"time":"2021-03-26T17:59:08Z"},"distance":3956.061111204555,"duration":1561.158,"elapsedTime":0,"avgSpeed":2.534055560810985,"maxSpeed":2.717318413374548,"calories":318,"avgHeartrate":148,"maxHeartrate":162,"avgCadence":87,"maxCadence":108,"steps":4507,"elevationGain":0,"elevationLoss":0,"minElevation":0,"maxElevation":0,"lapLength":0,"activityType":{"internalId":100,"internalName":"Running","sourceName":"run"},"sourceId":"nk_94bf839c-7139-470f-bd3f-a58a950d3363","laps":[{"startTime":"2021-03-26T17:59:08Z","distance":1609,"duration":632.1070864200592,"elapsedTime":632.1070864517873,"avgSpeed":2.545454772723048,"maxSpeed":2.717318413374548,"avgCadence":87,"maxCadence":108,"avgheartrate":139,"maxHeartrate":148},{"startTime":"2021-03-26T18:09:40Z","distance":1609,"duration":634.8182256221771,"elapsedTime":634.8182256716497,"avgSpeed":2.53458381479681,"maxSpeed":2.647324674205088,"avgCadence":87,"maxCadence":105,"avgheartrate":152,"maxHeartrate":159},{"startTime":"2021-03-26T18:20:14Z","distance":738.061111204559,"duration":294.2326879501343,"elapsedTime":612.0746879577637,"avgSpeed":2.508426634533698,"maxSpeed":2.678778094532094,"avgCadence":87,"maxCadence":93,"avgheartrate":138,"maxHeartrate":162}],"exports":[],"services":{"autoshare":{"days":0,"noprompt":false},"services":[{"name":"health","autoshare":{"target":false,"targettypes":[],"source":false},"import":true},{"name":"dropbox","autoshare":{"target":false,"targettypes":[],"source":false},"import":true},{"name":"files","autoshare":{"target":false,"targettypes":[],"source":false},"import":true},{"name":"icloud","autoshare":{"target":false,"targettypes":[],"source":false},"import":true},{"name":"nike+","autoshare":{"target":false,"targettypes":[],"source":false},"import":true}]},"appversion":"2.77 (645)","swag":"none"}