{"title":"untitled","description":"Running 2.84 mi in 31:52 min (11:14 min/mi)","source":"Nike+","startTime":{"time":"2021-06-06T14:44:50Z"},"distance":4565.937699064372,"duration":1911.774,"elapsedTime":0,"avgSpeed":2.388325031653518,"maxSpeed":2.514647925959557,"calories":346,"avgHeartrate":149,"maxHeartrate":156,"avgCadence":87,"maxCadence":152,"steps":5557,"elevationGain":0,"elevationLoss":0,"minElevation":0,"maxElevation":0,"lapLength":0,"activityType":{"internalId":100,"internalName":"Running","sourceName":"run"},"sourceId":"nk_2c4145f8-d15f-40a1-b91a-5e063144118a","laps":[{"startTime":"2021-06-06T14:44:50Z","distance":1609,"duration":670.0980642469755,"elapsedTime":670.0980642469755,"avgSpeed":2.401141095382984,"maxSpeed":2.50344970265261,"avgCadence":86,"maxCadence":105,"avgheartrate":145,"maxHeartrate":150},{"startTime":"2021-06-06T14:56:00Z","distance":1609,"duration":664.1620714434624,"elapsedTime":664.1620714434624,"avgSpeed":2.42260145404429,"maxSpeed":2.514647925959557,"avgCadence":87,"maxCadence":128,"avgheartrate":149,"maxHeartrate":156},{"startTime":"2021-06-06T15:07:04Z","distance":1347.93769906438,"duration":575.7398643493652,"elapsedTime":575.7398643493652,"avgSpeed":2.341226971642242,"maxSpeed":2.473936013573929,"avgCadence":88,"maxCadence":152,"avgheartrate":153,"maxHeartrate":156}],"exports":[],"services":{"autoshare":{"days":0,"noprompt":false},"services":[{"name":"health","autoshare":{"target":false,"targettypes":[],"source":false},"import":true},{"name":"dropbox","autoshare":{"target":false,"targettypes":[],"source":false},"import":true},{"name":"files","autoshare":{"target":false,"targettypes":[],"source":false},"import":true},{"name":"icloud","autoshare":{"target":false,"targettypes":[],"source":false},"import":true},{"name":"nike+","autoshare":{"target":false,"targettypes":[],"source":false},"import":true}]},"appversion":"2.77 (645)","swag":"none"}