{"title":"untitled","description":"Running 0.57 mi in 6:29 min (11:28 min/mi)","source":"Nike+","startTime":{"time":"2021-06-10T21:28:17Z"},"distance":909.5616440658929,"duration":389.195,"elapsedTime":0,"avgSpeed":2.337033220020537,"maxSpeed":2.437074777658961,"calories":68,"avgHeartrate":152,"maxHeartrate":155,"avgCadence":86,"maxCadence":540,"steps":1119,"elevationGain":0,"elevationLoss":0,"minElevation":0,"maxElevation":0,"lapLength":0,"activityType":{"internalId":100,"internalName":"Running","sourceName":"run"},"sourceId":"nk_f816c5db-d369-4cba-a99d-cf7a26d1d0fe","laps":[{"startTime":"2021-06-10T21:28:17Z","distance":909.5616440658923,"duration":387,"elapsedTime":387,"avgSpeed":2.350288485958378,"maxSpeed":2.437074777658961,"avgCadence":89,"maxCadence":540,"avgheartrate":152,"maxHeartrate":155}],"exports":[],"services":{"autoshare":{"days":0,"noprompt":false},"services":[{"name":"health","autoshare":{"target":false,"targettypes":[],"source":false},"import":true},{"name":"dropbox","autoshare":{"target":false,"targettypes":[],"source":false},"import":true},{"name":"files","autoshare":{"target":false,"targettypes":[],"source":false},"import":true},{"name":"icloud","autoshare":{"target":false,"targettypes":[],"source":false},"import":true},{"name":"nike+","autoshare":{"target":false,"targettypes":[],"source":false},"import":true}]},"appversion":"2.77 (645)","swag":"none"}