{"title":"untitled","description":"Running 2.82 mi in 31:47 min (11:16 min/mi)","source":"Nike+","startTime":{"time":"2021-06-11T11:23:01Z"},"distance":4538.644717914514,"duration":1906.971,"elapsedTime":0,"avgSpeed":2.380028179722982,"maxSpeed":2.623932767735266,"calories":343,"avgHeartrate":149,"maxHeartrate":164,"avgCadence":87,"maxCadence":105,"steps":5503,"elevationGain":0,"elevationLoss":0,"minElevation":0,"maxElevation":0,"lapLength":0,"activityType":{"internalId":100,"internalName":"Running","sourceName":"run"},"sourceId":"nk_d18d1655-2344-4051-90e9-4dd553a0b726","laps":[{"startTime":"2021-06-11T11:23:01Z","distance":1609,"duration":674.0093904733658,"elapsedTime":674.0093905162764,"avgSpeed":2.387207096432259,"maxSpeed":2.498950956971836,"avgCadence":85,"maxCadence":95,"avgheartrate":142,"maxHeartrate":152},{"startTime":"2021-06-11T11:34:15Z","distance":1609,"duration":698.2570896148682,"elapsedTime":698.2570896167243,"avgSpeed":2.304308862638921,"maxSpeed":2.532520260476497,"avgCadence":87,"maxCadence":93,"avgheartrate":148,"maxHeartrate":153},{"startTime":"2021-06-11T11:45:53Z","distance":1320.644717914518,"duration":533.7335197925568,"elapsedTime":533.7335197925568,"avgSpeed":2.47435221686621,"maxSpeed":2.623932767735266,"avgCadence":88,"maxCadence":105,"avgheartrate":158,"maxHeartrate":164}],"exports":[],"services":{"autoshare":{"days":0,"noprompt":false},"services":[{"name":"health","autoshare":{"target":false,"targettypes":[],"source":false},"import":true},{"name":"dropbox","autoshare":{"target":false,"targettypes":[],"source":false},"import":true},{"name":"files","autoshare":{"target":false,"targettypes":[],"source":false},"import":true},{"name":"icloud","autoshare":{"target":false,"targettypes":[],"source":false},"import":true},{"name":"nike+","autoshare":{"target":false,"targettypes":[],"source":false},"import":true}]},"appversion":"2.77 (645)","swag":"none"}