{"title":"Monday Afternoon Run","description":"Running 1.06 mi in 11:19 min (10:39 min/mi)","source":"Nike+","startTime":{"time":"2021-03-29T20:15:32Z"},"distance":1710.498937611117,"duration":679.014,"elapsedTime":0,"avgSpeed":2.519092297966047,"maxSpeed":2.701583556068619,"calories":132,"avgHeartrate":142,"maxHeartrate":181,"avgCadence":85,"maxCadence":93,"steps":1914,"elevationGain":0,"elevationLoss":0,"minElevation":0,"maxElevation":0,"lapLength":0,"activityType":{"internalId":100,"internalName":"Running","sourceName":"run"},"sourceId":"nk_90f8d9a5-3747-41d0-8fe6-88e47bab0d72","laps":[{"startTime":"2021-03-29T20:15:32Z","distance":1609,"duration":618.4412066695052,"elapsedTime":618.4412066695052,"avgSpeed":2.601702445839527,"maxSpeed":2.701583556068619,"avgCadence":87,"maxCadence":93,"avgheartrate":143,"maxHeartrate":181},{"startTime":"2021-03-29T20:25:50Z","distance":101.4989376111189,"duration":41.81979322433472,"elapsedTime":81.55879330635071,"avgSpeed":2.427054984864373,"maxSpeed":2.594164985380952,"avgCadence":67,"maxCadence":93,"avgheartrate":134,"maxHeartrate":146}],"exports":[],"services":{"autoshare":{"days":0,"noprompt":false},"services":[{"name":"health","autoshare":{"target":false,"targettypes":[],"source":false},"import":true},{"name":"dropbox","autoshare":{"target":false,"targettypes":[],"source":false},"import":true},{"name":"files","autoshare":{"target":false,"targettypes":[],"source":false},"import":true},{"name":"icloud","autoshare":{"target":false,"targettypes":[],"source":false},"import":true},{"name":"nike+","autoshare":{"target":false,"targettypes":[],"source":false},"import":true}]},"appversion":"2.77 (645)","swag":"none"}