{"title":"Wednesday Afternoon Run","description":"Running 1.81 mi in 20:42 min (11:26 min/mi)","source":"Nike+","startTime":{"time":"2021-04-07T19:50:58Z"},"distance":2910.208673517446,"duration":1241.564,"elapsedTime":0,"avgSpeed":2.343986031744997,"maxSpeed":2.59722133809197,"calories":220,"avgHeartrate":141,"maxHeartrate":157,"avgCadence":86,"maxCadence":131,"steps":3546,"elevationGain":0,"elevationLoss":0,"minElevation":0,"maxElevation":0,"lapLength":0,"activityType":{"internalId":100,"internalName":"Running","sourceName":"run"},"sourceId":"nk_88583d5d-09b1-4b9e-a834-adbb4ad62648","laps":[{"startTime":"2021-04-07T19:50:58Z","distance":1609,"duration":671.5235556364059,"elapsedTime":671.523555655111,"avgSpeed":2.396044020339902,"maxSpeed":2.597221338091971,"avgCadence":86,"maxCadence":131,"avgheartrate":137,"maxHeartrate":154},{"startTime":"2021-04-07T20:02:09Z","distance":1301.208673517453,"duration":569.4764442443848,"elapsedTime":569.4764442443848,"avgSpeed":2.284920977274088,"maxSpeed":2.418904542506347,"avgCadence":86,"maxCadence":105,"avgheartrate":147,"maxHeartrate":157}],"exports":[],"services":{"autoshare":{"days":0,"noprompt":false},"services":[{"name":"health","autoshare":{"target":false,"targettypes":[],"source":false},"import":true},{"name":"dropbox","autoshare":{"target":false,"targettypes":[],"source":false},"import":true},{"name":"files","autoshare":{"target":false,"targettypes":[],"source":false},"import":true},{"name":"icloud","autoshare":{"target":false,"targettypes":[],"source":false},"import":true},{"name":"nike+","autoshare":{"target":false,"targettypes":[],"source":false},"import":true}]},"appversion":"2.77 (645)","swag":"none"}