{"title":"Sunday Afternoon Run","description":"Running 2.37 mi in 25:15 min (10:38 min/mi)","source":"Nike+","startTime":{"time":"2021-03-21T19:56:51Z"},"distance":3820.658731354751,"duration":1515.275,"elapsedTime":0,"avgSpeed":2.521429266208939,"maxSpeed":2.736123453425147,"calories":320,"avgHeartrate":152,"maxHeartrate":168,"avgCadence":88,"maxCadence":105,"steps":4420,"elevationGain":0,"elevationLoss":0,"minElevation":0,"maxElevation":0,"lapLength":0,"activityType":{"internalId":100,"internalName":"Running","sourceName":"run"},"sourceId":"nk_c5a52479-ba88-440f-af53-20e1c6a2771b","laps":[{"startTime":"2021-03-21T19:56:51Z","distance":1609,"duration":636.796956147972,"elapsedTime":636.796956147972,"avgSpeed":2.526708057357796,"maxSpeed":2.736123453425147,"avgCadence":87,"maxCadence":105,"avgheartrate":143,"maxHeartrate":152},{"startTime":"2021-03-21T20:07:27Z","distance":1609,"duration":642.2393370726896,"elapsedTime":642.2393370726896,"avgSpeed":2.50529655709627,"maxSpeed":2.625976173215047,"avgCadence":88,"maxCadence":105,"avgheartrate":157,"maxHeartrate":168},{"startTime":"2021-03-21T20:18:10Z","distance":602.6587313547498,"duration":236.238706946373,"elapsedTime":595.9637069702148,"avgSpeed":2.551058372883642,"maxSpeed":2.692875486371008,"avgCadence":90,"maxCadence":93,"avgheartrate":140,"maxHeartrate":165}],"exports":[],"services":{"autoshare":{"days":0,"noprompt":false},"services":[{"name":"health","autoshare":{"target":false,"targettypes":[],"source":false},"import":true},{"name":"dropbox","autoshare":{"target":false,"targettypes":[],"source":false},"import":true},{"name":"files","autoshare":{"target":false,"targettypes":[],"source":false},"import":true},{"name":"icloud","autoshare":{"target":false,"targettypes":[],"source":false},"import":true},{"name":"nike+","autoshare":{"target":false,"targettypes":[],"source":false},"import":true}]},"appversion":"2.77 (645)","swag":"none"}